national_number,imagenpng,imagenjpg,imagengif,nombre,tipo,total,hp,attack,defense,sp_atk,sp_def,speed
001,https://img.pokemondb.net/sprites/omega-ruby-alpha-sapphire/dex/normal/bulbasaur.png,https://img.pokemondb.net/artwork/bulbasaur.jpg,https://img.pokemondb.net/sprites/black-white/anim/normal/bulbasaur.gif,Bulbasaur,Grass,318,45,49,49,65,65,45
002,https://img.pokemondb.net/sprites/omega-ruby-alpha-sapphire/dex/normal/ivysaur.png,https://img.pokemondb.net/artwork/ivysaur.jpg,https://img.pokemondb.net/sprites/black-white/anim/normal/ivysaur.gif,Ivysaur,Grass,405,60,62,63,80,80,60
003,https://img.pokemondb.net/sprites/omega-ruby-alpha-sapphire/dex/normal/venusaur.png,https://img.pokemondb.net/artwork/venusaur.jpg,https://img.pokemondb.net/sprites/black-white/anim/normal/venusaur.gif,Venusaur,Grass,625,80,100,123,122,120,80
003,https://img.pokemondb.net/sprites/omega-ruby-alpha-sapphire/dex/normal/venusaur.png,https://img.pokemondb.net/artwork/venusaur.jpg,https://img.pokemondb.net/sprites/black-white/anim/normal/venusaur.gif,Venusaur,Grass,525,80,82,83,100,100,80
004,https://img.pokemondb.net/sprites/omega-ruby-alpha-sapphire/dex/normal/charmander.png,https://img.pokemondb.net/artwork/charmander.jpg,https://img.pokemondb.net/sprites/black-white/anim/normal/charmander.gif,Charmander,Fire,309,39,52,43,60,50,65
005,https://img.pokemondb.net/sprites/omega-ruby-alpha-sapphire/dex/normal/charmeleon.png,https://img.pokemondb.net/artwork/charmeleon.jpg,https://img.pokemondb.net/sprites/black-white/anim/normal/charmeleon.gif,Charmeleon,Fire,405,58,64,58,80,65,80
006,https://img.pokemondb.net/sprites/omega-ruby-alpha-sapphire/dex/normal/charizard.png,https://img.pokemondb.net/artwork/charizard.jpg,https://img.pokemondb.net/sprites/black-white/anim/normal/charizard.gif,Charizard,Fire,634,78,130,111,130,85,100
006,https://img.pokemondb.net/sprites/omega-ruby-alpha-sapphire/dex/normal/charizard.png,https://img.pokemondb.net/artwork/charizard.jpg,https://img.pokemondb.net/sprites/black-white/anim/normal/charizard.gif,Charizard,Fire,634,78,104,78,159,115,100
006,https://img.pokemondb.net/sprites/omega-ruby-alpha-sapphire/dex/normal/charizard.png,https://img.pokemondb.net/artwork/charizard.jpg,https://img.pokemondb.net/sprites/black-white/anim/normal/charizard.gif,Charizard,Fire,534,78,84,78,109,85,100
007,https://img.pokemondb.net/sprites/omega-ruby-alpha-sapphire/dex/normal/squirtle.png,https://img.pokemondb.net/artwork/squirtle.jpg,https://img.pokemondb.net/sprites/black-white/anim/normal/squirtle.gif,Squirtle,Water,314,44,48,65,50,64,43
008,https://img.pokemondb.net/sprites/omega-ruby-alpha-sapphire/dex/normal/wartortle.png,https://img.pokemondb.net/artwork/wartortle.jpg,https://img.pokemondb.net/sprites/black-white/anim/normal/wartortle.gif,Wartortle,Water,405,59,63,80,65,80,58
009,https://img.pokemondb.net/sprites/omega-ruby-alpha-sapphire/dex/normal/blastoise.png,https://img.pokemondb.net/artwork/blastoise.jpg,https://img.pokemondb.net/sprites/black-white/anim/normal/blastoise.gif,Blastoise,Water,630,79,103,120,135,115,78
009,https://img.pokemondb.net/sprites/omega-ruby-alpha-sapphire/dex/normal/blastoise.png,https://img.pokemondb.net/artwork/blastoise.jpg,https://img.pokemondb.net/sprites/black-white/anim/normal/blastoise.gif,Blastoise,Water,530,79,83,100,85,105,78
010,https://img.pokemondb.net/sprites/omega-ruby-alpha-sapphire/dex/normal/caterpie.png,https://img.pokemondb.net/artwork/caterpie.jpg,https://img.pokemondb.net/sprites/black-white/anim/normal/caterpie.gif,Caterpie,Bug,195,45,30,35,20,20,45
011,https://img.pokemondb.net/sprites/omega-ruby-alpha-sapphire/dex/normal/metapod.png,https://img.pokemondb.net/artwork/metapod.jpg,https://img.pokemondb.net/sprites/black-white/anim/normal/metapod.gif,Metapod,Bug,205,50,20,55,25,25,30
012,https://img.pokemondb.net/sprites/omega-ruby-alpha-sapphire/dex/normal/butterfree.png,https://img.pokemondb.net/artwork/butterfree.jpg,https://img.pokemondb.net/sprites/black-white/anim/normal/butterfree.gif,Butterfree,Bug,395,60,45,50,90,80,70
013,https://img.pokemondb.net/sprites/omega-ruby-alpha-sapphire/dex/normal/weedle.png,https://img.pokemondb.net/artwork/weedle.jpg,https://img.pokemondb.net/sprites/black-white/anim/normal/weedle.gif,Weedle,Bug,195,40,35,30,20,20,50
014,https://img.pokemondb.net/sprites/omega-ruby-alpha-sapphire/dex/normal/kakuna.png,https://img.pokemondb.net/artwork/kakuna.jpg,https://img.pokemondb.net/sprites/black-white/anim/normal/kakuna.gif,Kakuna,Bug,205,45,25,50,25,25,35
015,https://img.pokemondb.net/sprites/omega-ruby-alpha-sapphire/dex/normal/beedrill.png,https://img.pokemondb.net/artwork/beedrill.jpg,https://img.pokemondb.net/sprites/black-white/anim/normal/beedrill.gif,Beedrill,Bug,395,65,90,40,45,80,75
015,https://img.pokemondb.net/sprites/omega-ruby-alpha-sapphire/dex/normal/beedrill.png,https://img.pokemondb.net/artwork/beedrill.jpg,https://img.pokemondb.net/sprites/black-white/anim/normal/beedrill.gif,Beedrill,Bug,495,65,150,40,15,80,145
016,https://img.pokemondb.net/sprites/omega-ruby-alpha-sapphire/dex/normal/pidgey.png,https://img.pokemondb.net/artwork/pidgey.jpg,https://img.pokemondb.net/sprites/black-white/anim/normal/pidgey.gif,Pidgey,Normal,251,40,45,40,35,35,56
017,https://img.pokemondb.net/sprites/omega-ruby-alpha-sapphire/dex/normal/pidgeotto.png,https://img.pokemondb.net/artwork/pidgeotto.jpg,https://img.pokemondb.net/sprites/black-white/anim/normal/pidgeotto.gif,Pidgeotto,Normal,349,63,60,55,50,50,71
018,https://img.pokemondb.net/sprites/omega-ruby-alpha-sapphire/dex/normal/pidgeot.png,https://img.pokemondb.net/artwork/pidgeot.jpg,https://img.pokemondb.net/sprites/black-white/anim/normal/pidgeot.gif,Pidgeot,Normal,579,83,80,80,135,80,121
018,https://img.pokemondb.net/sprites/omega-ruby-alpha-sapphire/dex/normal/pidgeot.png,https://img.pokemondb.net/artwork/pidgeot.jpg,https://img.pokemondb.net/sprites/black-white/anim/normal/pidgeot.gif,Pidgeot,Normal,479,83,80,75,70,70,101
019,https://img.pokemondb.net/sprites/omega-ruby-alpha-sapphire/dex/normal/rattata.png,https://img.pokemondb.net/artwork/rattata.jpg,https://img.pokemondb.net/sprites/black-white/anim/normal/rattata.gif,Rattata,Dark,253,30,56,35,25,35,72
019,https://img.pokemondb.net/sprites/omega-ruby-alpha-sapphire/dex/normal/rattata.png,https://img.pokemondb.net/artwork/rattata.jpg,https://img.pokemondb.net/sprites/black-white/anim/normal/rattata.gif,Rattata,Normal,253,30,56,35,25,35,72
020,https://img.pokemondb.net/sprites/omega-ruby-alpha-sapphire/dex/normal/raticate.png,https://img.pokemondb.net/artwork/raticate.jpg,https://img.pokemondb.net/sprites/black-white/anim/normal/raticate.gif,Raticate,Dark,413,75,71,70,40,80,77
020,https://img.pokemondb.net/sprites/omega-ruby-alpha-sapphire/dex/normal/raticate.png,https://img.pokemondb.net/artwork/raticate.jpg,https://img.pokemondb.net/sprites/black-white/anim/normal/raticate.gif,Raticate,Normal,413,55,81,60,50,70,97
021,https://img.pokemondb.net/sprites/omega-ruby-alpha-sapphire/dex/normal/spearow.png,https://img.pokemondb.net/artwork/spearow.jpg,https://img.pokemondb.net/sprites/black-white/anim/normal/spearow.gif,Spearow,Normal,262,40,60,30,31,31,70
022,https://img.pokemondb.net/sprites/omega-ruby-alpha-sapphire/dex/normal/fearow.png,https://img.pokemondb.net/artwork/fearow.jpg,https://img.pokemondb.net/sprites/black-white/anim/normal/fearow.gif,Fearow,Normal,442,65,90,65,61,61,100
023,https://img.pokemondb.net/sprites/omega-ruby-alpha-sapphire/dex/normal/ekans.png,https://img.pokemondb.net/artwork/ekans.jpg,https://img.pokemondb.net/sprites/black-white/anim/normal/ekans.gif,Ekans,Poison,288,35,60,44,40,54,55
024,https://img.pokemondb.net/sprites/omega-ruby-alpha-sapphire/dex/normal/arbok.png,https://img.pokemondb.net/artwork/arbok.jpg,https://img.pokemondb.net/sprites/black-white/anim/normal/arbok.gif,Arbok,Poison,448,60,95,69,65,79,80
025,https://img.pokemondb.net/sprites/omega-ruby-alpha-sapphire/dex/normal/pikachu.png,https://img.pokemondb.net/artwork/pikachu.jpg,https://img.pokemondb.net/sprites/black-white/anim/normal/pikachu.gif,Pikachu,Electric,320,35,55,40,50,50,90
026,https://img.pokemondb.net/sprites/omega-ruby-alpha-sapphire/dex/normal/raichu.png,https://img.pokemondb.net/artwork/raichu.jpg,https://img.pokemondb.net/sprites/black-white/anim/normal/raichu.gif,Raichu,Electric,485,60,90,55,90,80,110
026,https://img.pokemondb.net/sprites/omega-ruby-alpha-sapphire/dex/normal/raichu.png,https://img.pokemondb.net/artwork/raichu.jpg,https://img.pokemondb.net/sprites/black-white/anim/normal/raichu.gif,Raichu,Electric,485,60,85,50,95,85,110
027,https://img.pokemondb.net/sprites/omega-ruby-alpha-sapphire/dex/normal/sandshrew.png,https://img.pokemondb.net/artwork/sandshrew.jpg,https://img.pokemondb.net/sprites/black-white/anim/normal/sandshrew.gif,Sandshrew,Ice,300,50,75,90,10,35,40
027,https://img.pokemondb.net/sprites/omega-ruby-alpha-sapphire/dex/normal/sandshrew.png,https://img.pokemondb.net/artwork/sandshrew.jpg,https://img.pokemondb.net/sprites/black-white/anim/normal/sandshrew.gif,Sandshrew,Ground,300,50,75,85,20,30,40
028,https://img.pokemondb.net/sprites/omega-ruby-alpha-sapphire/dex/normal/sandslash.png,https://img.pokemondb.net/artwork/sandslash.jpg,https://img.pokemondb.net/sprites/black-white/anim/normal/sandslash.gif,Sandslash,Ground,450,75,100,110,45,55,65
028,https://img.pokemondb.net/sprites/omega-ruby-alpha-sapphire/dex/normal/sandslash.png,https://img.pokemondb.net/artwork/sandslash.jpg,https://img.pokemondb.net/sprites/black-white/anim/normal/sandslash.gif,Sandslash,Ice,450,75,100,120,25,65,65
029,https://img.pokemondb.net/sprites/omega-ruby-alpha-sapphire/dex/normal/nidoran♀.png,https://img.pokemondb.net/artwork/nidoran♀.jpg,https://img.pokemondb.net/sprites/black-white/anim/normal/nidoran♀.gif,Nidoran♀,Poison,275,55,47,52,40,40,41
030,https://img.pokemondb.net/sprites/omega-ruby-alpha-sapphire/dex/normal/nidorina.png,https://img.pokemondb.net/artwork/nidorina.jpg,https://img.pokemondb.net/sprites/black-white/anim/normal/nidorina.gif,Nidorina,Poison,365,70,62,67,55,55,56
031,https://img.pokemondb.net/sprites/omega-ruby-alpha-sapphire/dex/normal/nidoqueen.png,https://img.pokemondb.net/artwork/nidoqueen.jpg,https://img.pokemondb.net/sprites/black-white/anim/normal/nidoqueen.gif,Nidoqueen,Poison,505,90,92,87,75,85,76
032,https://img.pokemondb.net/sprites/omega-ruby-alpha-sapphire/dex/normal/nidoran♂.png,https://img.pokemondb.net/artwork/nidoran♂.jpg,https://img.pokemondb.net/sprites/black-white/anim/normal/nidoran♂.gif,Nidoran♂,Poison,273,46,57,40,40,40,50
033,https://img.pokemondb.net/sprites/omega-ruby-alpha-sapphire/dex/normal/nidorino.png,https://img.pokemondb.net/artwork/nidorino.jpg,https://img.pokemondb.net/sprites/black-white/anim/normal/nidorino.gif,Nidorino,Poison,365,61,72,57,55,55,65
034,https://img.pokemondb.net/sprites/omega-ruby-alpha-sapphire/dex/normal/nidoking.png,https://img.pokemondb.net/artwork/nidoking.jpg,https://img.pokemondb.net/sprites/black-white/anim/normal/nidoking.gif,Nidoking,Poison,505,81,102,77,85,75,85
035,https://img.pokemondb.net/sprites/omega-ruby-alpha-sapphire/dex/normal/clefairy.png,https://img.pokemondb.net/artwork/clefairy.jpg,https://img.pokemondb.net/sprites/black-white/anim/normal/clefairy.gif,Clefairy,Fairy,323,70,45,48,60,65,35
036,https://img.pokemondb.net/sprites/omega-ruby-alpha-sapphire/dex/normal/clefable.png,https://img.pokemondb.net/artwork/clefable.jpg,https://img.pokemondb.net/sprites/black-white/anim/normal/clefable.gif,Clefable,Fairy,483,95,70,73,95,90,60
037,https://img.pokemondb.net/sprites/omega-ruby-alpha-sapphire/dex/normal/vulpix.png,https://img.pokemondb.net/artwork/vulpix.jpg,https://img.pokemondb.net/sprites/black-white/anim/normal/vulpix.gif,Vulpix,Fire,299,38,41,40,50,65,65
037,https://img.pokemondb.net/sprites/omega-ruby-alpha-sapphire/dex/normal/vulpix.png,https://img.pokemondb.net/artwork/vulpix.jpg,https://img.pokemondb.net/sprites/black-white/anim/normal/vulpix.gif,Vulpix,Ice,299,38,41,40,50,65,65
038,https://img.pokemondb.net/sprites/omega-ruby-alpha-sapphire/dex/normal/ninetales.png,https://img.pokemondb.net/artwork/ninetales.jpg,https://img.pokemondb.net/sprites/black-white/anim/normal/ninetales.gif,Ninetales,Ice,505,73,67,75,81,100,109
038,https://img.pokemondb.net/sprites/omega-ruby-alpha-sapphire/dex/normal/ninetales.png,https://img.pokemondb.net/artwork/ninetales.jpg,https://img.pokemondb.net/sprites/black-white/anim/normal/ninetales.gif,Ninetales,Fire,505,73,76,75,81,100,100
039,https://img.pokemondb.net/sprites/omega-ruby-alpha-sapphire/dex/normal/jigglypuff.png,https://img.pokemondb.net/artwork/jigglypuff.jpg,https://img.pokemondb.net/sprites/black-white/anim/normal/jigglypuff.gif,Jigglypuff,Normal,270,115,45,20,45,25,20
040,https://img.pokemondb.net/sprites/omega-ruby-alpha-sapphire/dex/normal/wigglytuff.png,https://img.pokemondb.net/artwork/wigglytuff.jpg,https://img.pokemondb.net/sprites/black-white/anim/normal/wigglytuff.gif,Wigglytuff,Normal,435,140,70,45,85,50,45
041,https://img.pokemondb.net/sprites/omega-ruby-alpha-sapphire/dex/normal/zubat.png,https://img.pokemondb.net/artwork/zubat.jpg,https://img.pokemondb.net/sprites/black-white/anim/normal/zubat.gif,Zubat,Poison,245,40,45,35,30,40,55
042,https://img.pokemondb.net/sprites/omega-ruby-alpha-sapphire/dex/normal/golbat.png,https://img.pokemondb.net/artwork/golbat.jpg,https://img.pokemondb.net/sprites/black-white/anim/normal/golbat.gif,Golbat,Poison,455,75,80,70,65,75,90
043,https://img.pokemondb.net/sprites/omega-ruby-alpha-sapphire/dex/normal/oddish.png,https://img.pokemondb.net/artwork/oddish.jpg,https://img.pokemondb.net/sprites/black-white/anim/normal/oddish.gif,Oddish,Grass,320,45,50,55,75,65,30
044,https://img.pokemondb.net/sprites/omega-ruby-alpha-sapphire/dex/normal/gloom.png,https://img.pokemondb.net/artwork/gloom.jpg,https://img.pokemondb.net/sprites/black-white/anim/normal/gloom.gif,Gloom,Grass,395,60,65,70,85,75,40
045,https://img.pokemondb.net/sprites/omega-ruby-alpha-sapphire/dex/normal/vileplume.png,https://img.pokemondb.net/artwork/vileplume.jpg,https://img.pokemondb.net/sprites/black-white/anim/normal/vileplume.gif,Vileplume,Grass,490,75,80,85,110,90,50
046,https://img.pokemondb.net/sprites/omega-ruby-alpha-sapphire/dex/normal/paras.png,https://img.pokemondb.net/artwork/paras.jpg,https://img.pokemondb.net/sprites/black-white/anim/normal/paras.gif,Paras,Bug,285,35,70,55,45,55,25
047,https://img.pokemondb.net/sprites/omega-ruby-alpha-sapphire/dex/normal/parasect.png,https://img.pokemondb.net/artwork/parasect.jpg,https://img.pokemondb.net/sprites/black-white/anim/normal/parasect.gif,Parasect,Bug,405,60,95,80,60,80,30
048,https://img.pokemondb.net/sprites/omega-ruby-alpha-sapphire/dex/normal/venonat.png,https://img.pokemondb.net/artwork/venonat.jpg,https://img.pokemondb.net/sprites/black-white/anim/normal/venonat.gif,Venonat,Bug,305,60,55,50,40,55,45
049,https://img.pokemondb.net/sprites/omega-ruby-alpha-sapphire/dex/normal/venomoth.png,https://img.pokemondb.net/artwork/venomoth.jpg,https://img.pokemondb.net/sprites/black-white/anim/normal/venomoth.gif,Venomoth,Bug,450,70,65,60,90,75,90
050,https://img.pokemondb.net/sprites/omega-ruby-alpha-sapphire/dex/normal/diglett.png,https://img.pokemondb.net/artwork/diglett.jpg,https://img.pokemondb.net/sprites/black-white/anim/normal/diglett.gif,Diglett,Ground,265,10,55,25,35,45,95
050,https://img.pokemondb.net/sprites/omega-ruby-alpha-sapphire/dex/normal/diglett.png,https://img.pokemondb.net/artwork/diglett.jpg,https://img.pokemondb.net/sprites/black-white/anim/normal/diglett.gif,Diglett,Ground,265,10,55,30,35,45,90
051,https://img.pokemondb.net/sprites/omega-ruby-alpha-sapphire/dex/normal/dugtrio.png,https://img.pokemondb.net/artwork/dugtrio.jpg,https://img.pokemondb.net/sprites/black-white/anim/normal/dugtrio.gif,Dugtrio,Ground,425,35,100,60,50,70,110
051,https://img.pokemondb.net/sprites/omega-ruby-alpha-sapphire/dex/normal/dugtrio.png,https://img.pokemondb.net/artwork/dugtrio.jpg,https://img.pokemondb.net/sprites/black-white/anim/normal/dugtrio.gif,Dugtrio,Ground,425,35,100,50,50,70,120
052,https://img.pokemondb.net/sprites/omega-ruby-alpha-sapphire/dex/normal/meowth.png,https://img.pokemondb.net/artwork/meowth.jpg,https://img.pokemondb.net/sprites/black-white/anim/normal/meowth.gif,Meowth,Normal,290,40,45,35,40,40,90
052,https://img.pokemondb.net/sprites/omega-ruby-alpha-sapphire/dex/normal/meowth.png,https://img.pokemondb.net/artwork/meowth.jpg,https://img.pokemondb.net/sprites/black-white/anim/normal/meowth.gif,Meowth,Dark,290,40,35,35,50,40,90
053,https://img.pokemondb.net/sprites/omega-ruby-alpha-sapphire/dex/normal/persian.png,https://img.pokemondb.net/artwork/persian.jpg,https://img.pokemondb.net/sprites/black-white/anim/normal/persian.gif,Persian,Dark,440,65,60,60,75,65,115
053,https://img.pokemondb.net/sprites/omega-ruby-alpha-sapphire/dex/normal/persian.png,https://img.pokemondb.net/artwork/persian.jpg,https://img.pokemondb.net/sprites/black-white/anim/normal/persian.gif,Persian,Normal,440,65,70,60,65,65,115
054,https://img.pokemondb.net/sprites/omega-ruby-alpha-sapphire/dex/normal/psyduck.png,https://img.pokemondb.net/artwork/psyduck.jpg,https://img.pokemondb.net/sprites/black-white/anim/normal/psyduck.gif,Psyduck,Water,320,50,52,48,65,50,55
055,https://img.pokemondb.net/sprites/omega-ruby-alpha-sapphire/dex/normal/golduck.png,https://img.pokemondb.net/artwork/golduck.jpg,https://img.pokemondb.net/sprites/black-white/anim/normal/golduck.gif,Golduck,Water,500,80,82,78,95,80,85
056,https://img.pokemondb.net/sprites/omega-ruby-alpha-sapphire/dex/normal/mankey.png,https://img.pokemondb.net/artwork/mankey.jpg,https://img.pokemondb.net/sprites/black-white/anim/normal/mankey.gif,Mankey,Fighting,305,40,80,35,35,45,70
057,https://img.pokemondb.net/sprites/omega-ruby-alpha-sapphire/dex/normal/primeape.png,https://img.pokemondb.net/artwork/primeape.jpg,https://img.pokemondb.net/sprites/black-white/anim/normal/primeape.gif,Primeape,Fighting,455,65,105,60,60,70,95
058,https://img.pokemondb.net/sprites/omega-ruby-alpha-sapphire/dex/normal/growlithe.png,https://img.pokemondb.net/artwork/growlithe.jpg,https://img.pokemondb.net/sprites/black-white/anim/normal/growlithe.gif,Growlithe,Fire,350,55,70,45,70,50,60
059,https://img.pokemondb.net/sprites/omega-ruby-alpha-sapphire/dex/normal/arcanine.png,https://img.pokemondb.net/artwork/arcanine.jpg,https://img.pokemondb.net/sprites/black-white/anim/normal/arcanine.gif,Arcanine,Fire,555,90,110,80,100,80,95
060,https://img.pokemondb.net/sprites/omega-ruby-alpha-sapphire/dex/normal/poliwag.png,https://img.pokemondb.net/artwork/poliwag.jpg,https://img.pokemondb.net/sprites/black-white/anim/normal/poliwag.gif,Poliwag,Water,300,40,50,40,40,40,90
061,https://img.pokemondb.net/sprites/omega-ruby-alpha-sapphire/dex/normal/poliwhirl.png,https://img.pokemondb.net/artwork/poliwhirl.jpg,https://img.pokemondb.net/sprites/black-white/anim/normal/poliwhirl.gif,Poliwhirl,Water,385,65,65,65,50,50,90
062,https://img.pokemondb.net/sprites/omega-ruby-alpha-sapphire/dex/normal/poliwrath.png,https://img.pokemondb.net/artwork/poliwrath.jpg,https://img.pokemondb.net/sprites/black-white/anim/normal/poliwrath.gif,Poliwrath,Water,510,90,95,95,70,90,70
063,https://img.pokemondb.net/sprites/omega-ruby-alpha-sapphire/dex/normal/abra.png,https://img.pokemondb.net/artwork/abra.jpg,https://img.pokemondb.net/sprites/black-white/anim/normal/abra.gif,Abra,Psychic,310,25,20,15,105,55,90
064,https://img.pokemondb.net/sprites/omega-ruby-alpha-sapphire/dex/normal/kadabra.png,https://img.pokemondb.net/artwork/kadabra.jpg,https://img.pokemondb.net/sprites/black-white/anim/normal/kadabra.gif,Kadabra,Psychic,400,40,35,30,120,70,105
065,https://img.pokemondb.net/sprites/omega-ruby-alpha-sapphire/dex/normal/alakazam.png,https://img.pokemondb.net/artwork/alakazam.jpg,https://img.pokemondb.net/sprites/black-white/anim/normal/alakazam.gif,Alakazam,Psychic,600,55,50,65,175,105,150
065,https://img.pokemondb.net/sprites/omega-ruby-alpha-sapphire/dex/normal/alakazam.png,https://img.pokemondb.net/artwork/alakazam.jpg,https://img.pokemondb.net/sprites/black-white/anim/normal/alakazam.gif,Alakazam,Psychic,500,55,50,45,135,95,120
066,https://img.pokemondb.net/sprites/omega-ruby-alpha-sapphire/dex/normal/machop.png,https://img.pokemondb.net/artwork/machop.jpg,https://img.pokemondb.net/sprites/black-white/anim/normal/machop.gif,Machop,Fighting,305,70,80,50,35,35,35
067,https://img.pokemondb.net/sprites/omega-ruby-alpha-sapphire/dex/normal/machoke.png,https://img.pokemondb.net/artwork/machoke.jpg,https://img.pokemondb.net/sprites/black-white/anim/normal/machoke.gif,Machoke,Fighting,405,80,100,70,50,60,45
068,https://img.pokemondb.net/sprites/omega-ruby-alpha-sapphire/dex/normal/machamp.png,https://img.pokemondb.net/artwork/machamp.jpg,https://img.pokemondb.net/sprites/black-white/anim/normal/machamp.gif,Machamp,Fighting,505,90,130,80,65,85,55
069,https://img.pokemondb.net/sprites/omega-ruby-alpha-sapphire/dex/normal/bellsprout.png,https://img.pokemondb.net/artwork/bellsprout.jpg,https://img.pokemondb.net/sprites/black-white/anim/normal/bellsprout.gif,Bellsprout,Grass,300,50,75,35,70,30,40
070,https://img.pokemondb.net/sprites/omega-ruby-alpha-sapphire/dex/normal/weepinbell.png,https://img.pokemondb.net/artwork/weepinbell.jpg,https://img.pokemondb.net/sprites/black-white/anim/normal/weepinbell.gif,Weepinbell,Grass,390,65,90,50,85,45,55
071,https://img.pokemondb.net/sprites/omega-ruby-alpha-sapphire/dex/normal/victreebel.png,https://img.pokemondb.net/artwork/victreebel.jpg,https://img.pokemondb.net/sprites/black-white/anim/normal/victreebel.gif,Victreebel,Grass,490,80,105,65,100,70,70
072,https://img.pokemondb.net/sprites/omega-ruby-alpha-sapphire/dex/normal/tentacool.png,https://img.pokemondb.net/artwork/tentacool.jpg,https://img.pokemondb.net/sprites/black-white/anim/normal/tentacool.gif,Tentacool,Water,335,40,40,35,50,100,70
073,https://img.pokemondb.net/sprites/omega-ruby-alpha-sapphire/dex/normal/tentacruel.png,https://img.pokemondb.net/artwork/tentacruel.jpg,https://img.pokemondb.net/sprites/black-white/anim/normal/tentacruel.gif,Tentacruel,Water,515,80,70,65,80,120,100
074,https://img.pokemondb.net/sprites/omega-ruby-alpha-sapphire/dex/normal/geodude.png,https://img.pokemondb.net/artwork/geodude.jpg,https://img.pokemondb.net/sprites/black-white/anim/normal/geodude.gif,Geodude,Rock,300,40,80,100,30,30,20
074,https://img.pokemondb.net/sprites/omega-ruby-alpha-sapphire/dex/normal/geodude.png,https://img.pokemondb.net/artwork/geodude.jpg,https://img.pokemondb.net/sprites/black-white/anim/normal/geodude.gif,Geodude,Rock,300,40,80,100,30,30,20
075,https://img.pokemondb.net/sprites/omega-ruby-alpha-sapphire/dex/normal/graveler.png,https://img.pokemondb.net/artwork/graveler.jpg,https://img.pokemondb.net/sprites/black-white/anim/normal/graveler.gif,Graveler,Rock,390,55,95,115,45,45,35
075,https://img.pokemondb.net/sprites/omega-ruby-alpha-sapphire/dex/normal/graveler.png,https://img.pokemondb.net/artwork/graveler.jpg,https://img.pokemondb.net/sprites/black-white/anim/normal/graveler.gif,Graveler,Rock,390,55,95,115,45,45,35
076,https://img.pokemondb.net/sprites/omega-ruby-alpha-sapphire/dex/normal/golem.png,https://img.pokemondb.net/artwork/golem.jpg,https://img.pokemondb.net/sprites/black-white/anim/normal/golem.gif,Golem,Rock,495,80,120,130,55,65,45
076,https://img.pokemondb.net/sprites/omega-ruby-alpha-sapphire/dex/normal/golem.png,https://img.pokemondb.net/artwork/golem.jpg,https://img.pokemondb.net/sprites/black-white/anim/normal/golem.gif,Golem,Rock,495,80,120,130,55,65,45
077,https://img.pokemondb.net/sprites/omega-ruby-alpha-sapphire/dex/normal/ponyta.png,https://img.pokemondb.net/artwork/ponyta.jpg,https://img.pokemondb.net/sprites/black-white/anim/normal/ponyta.gif,Ponyta,Fire,410,50,85,55,65,65,90
078,https://img.pokemondb.net/sprites/omega-ruby-alpha-sapphire/dex/normal/rapidash.png,https://img.pokemondb.net/artwork/rapidash.jpg,https://img.pokemondb.net/sprites/black-white/anim/normal/rapidash.gif,Rapidash,Fire,500,65,100,70,80,80,105
079,https://img.pokemondb.net/sprites/omega-ruby-alpha-sapphire/dex/normal/slowpoke.png,https://img.pokemondb.net/artwork/slowpoke.jpg,https://img.pokemondb.net/sprites/black-white/anim/normal/slowpoke.gif,Slowpoke,Water,315,90,65,65,40,40,15
080,https://img.pokemondb.net/sprites/omega-ruby-alpha-sapphire/dex/normal/slowbro.png,https://img.pokemondb.net/artwork/slowbro.jpg,https://img.pokemondb.net/sprites/black-white/anim/normal/slowbro.gif,Slowbro,Water,490,95,75,110,100,80,30
080,https://img.pokemondb.net/sprites/omega-ruby-alpha-sapphire/dex/normal/slowbro.png,https://img.pokemondb.net/artwork/slowbro.jpg,https://img.pokemondb.net/sprites/black-white/anim/normal/slowbro.gif,Slowbro,Water,590,95,75,180,130,80,30
081,https://img.pokemondb.net/sprites/omega-ruby-alpha-sapphire/dex/normal/magnemite.png,https://img.pokemondb.net/artwork/magnemite.jpg,https://img.pokemondb.net/sprites/black-white/anim/normal/magnemite.gif,Magnemite,Electric,325,25,35,70,95,55,45
082,https://img.pokemondb.net/sprites/omega-ruby-alpha-sapphire/dex/normal/magneton.png,https://img.pokemondb.net/artwork/magneton.jpg,https://img.pokemondb.net/sprites/black-white/anim/normal/magneton.gif,Magneton,Electric,465,50,60,95,120,70,70
083,https://img.pokemondb.net/sprites/omega-ruby-alpha-sapphire/dex/normal/farfetch'd.png,https://img.pokemondb.net/artwork/farfetch'd.jpg,https://img.pokemondb.net/sprites/black-white/anim/normal/farfetch'd.gif,Farfetch'd,Normal,377,52,90,55,58,62,60
084,https://img.pokemondb.net/sprites/omega-ruby-alpha-sapphire/dex/normal/doduo.png,https://img.pokemondb.net/artwork/doduo.jpg,https://img.pokemondb.net/sprites/black-white/anim/normal/doduo.gif,Doduo,Normal,310,35,85,45,35,35,75
085,https://img.pokemondb.net/sprites/omega-ruby-alpha-sapphire/dex/normal/dodrio.png,https://img.pokemondb.net/artwork/dodrio.jpg,https://img.pokemondb.net/sprites/black-white/anim/normal/dodrio.gif,Dodrio,Normal,470,60,110,70,60,60,110
086,https://img.pokemondb.net/sprites/omega-ruby-alpha-sapphire/dex/normal/seel.png,https://img.pokemondb.net/artwork/seel.jpg,https://img.pokemondb.net/sprites/black-white/anim/normal/seel.gif,Seel,Water,325,65,45,55,45,70,45
087,https://img.pokemondb.net/sprites/omega-ruby-alpha-sapphire/dex/normal/dewgong.png,https://img.pokemondb.net/artwork/dewgong.jpg,https://img.pokemondb.net/sprites/black-white/anim/normal/dewgong.gif,Dewgong,Water,475,90,70,80,70,95,70
088,https://img.pokemondb.net/sprites/omega-ruby-alpha-sapphire/dex/normal/grimer.png,https://img.pokemondb.net/artwork/grimer.jpg,https://img.pokemondb.net/sprites/black-white/anim/normal/grimer.gif,Grimer,Poison,325,80,80,50,40,50,25
088,https://img.pokemondb.net/sprites/omega-ruby-alpha-sapphire/dex/normal/grimer.png,https://img.pokemondb.net/artwork/grimer.jpg,https://img.pokemondb.net/sprites/black-white/anim/normal/grimer.gif,Grimer,Poison,325,80,80,50,40,50,25
089,https://img.pokemondb.net/sprites/omega-ruby-alpha-sapphire/dex/normal/muk.png,https://img.pokemondb.net/artwork/muk.jpg,https://img.pokemondb.net/sprites/black-white/anim/normal/muk.gif,Muk,Poison,500,105,105,75,65,100,50
089,https://img.pokemondb.net/sprites/omega-ruby-alpha-sapphire/dex/normal/muk.png,https://img.pokemondb.net/artwork/muk.jpg,https://img.pokemondb.net/sprites/black-white/anim/normal/muk.gif,Muk,Poison,500,105,105,75,65,100,50
090,https://img.pokemondb.net/sprites/omega-ruby-alpha-sapphire/dex/normal/shellder.png,https://img.pokemondb.net/artwork/shellder.jpg,https://img.pokemondb.net/sprites/black-white/anim/normal/shellder.gif,Shellder,Water,305,30,65,100,45,25,40
091,https://img.pokemondb.net/sprites/omega-ruby-alpha-sapphire/dex/normal/cloyster.png,https://img.pokemondb.net/artwork/cloyster.jpg,https://img.pokemondb.net/sprites/black-white/anim/normal/cloyster.gif,Cloyster,Water,525,50,95,180,85,45,70
092,https://img.pokemondb.net/sprites/omega-ruby-alpha-sapphire/dex/normal/gastly.png,https://img.pokemondb.net/artwork/gastly.jpg,https://img.pokemondb.net/sprites/black-white/anim/normal/gastly.gif,Gastly,Ghost,310,30,35,30,100,35,80
093,https://img.pokemondb.net/sprites/omega-ruby-alpha-sapphire/dex/normal/haunter.png,https://img.pokemondb.net/artwork/haunter.jpg,https://img.pokemondb.net/sprites/black-white/anim/normal/haunter.gif,Haunter,Ghost,405,45,50,45,115,55,95
094,https://img.pokemondb.net/sprites/omega-ruby-alpha-sapphire/dex/normal/gengar.png,https://img.pokemondb.net/artwork/gengar.jpg,https://img.pokemondb.net/sprites/black-white/anim/normal/gengar.gif,Gengar,Ghost,500,60,65,60,130,75,110
094,https://img.pokemondb.net/sprites/omega-ruby-alpha-sapphire/dex/normal/gengar.png,https://img.pokemondb.net/artwork/gengar.jpg,https://img.pokemondb.net/sprites/black-white/anim/normal/gengar.gif,Gengar,Ghost,600,60,65,80,170,95,130
095,https://img.pokemondb.net/sprites/omega-ruby-alpha-sapphire/dex/normal/onix.png,https://img.pokemondb.net/artwork/onix.jpg,https://img.pokemondb.net/sprites/black-white/anim/normal/onix.gif,Onix,Rock,385,35,45,160,30,45,70
096,https://img.pokemondb.net/sprites/omega-ruby-alpha-sapphire/dex/normal/drowzee.png,https://img.pokemondb.net/artwork/drowzee.jpg,https://img.pokemondb.net/sprites/black-white/anim/normal/drowzee.gif,Drowzee,Psychic,328,60,48,45,43,90,42
097,https://img.pokemondb.net/sprites/omega-ruby-alpha-sapphire/dex/normal/hypno.png,https://img.pokemondb.net/artwork/hypno.jpg,https://img.pokemondb.net/sprites/black-white/anim/normal/hypno.gif,Hypno,Psychic,483,85,73,70,73,115,67
098,https://img.pokemondb.net/sprites/omega-ruby-alpha-sapphire/dex/normal/krabby.png,https://img.pokemondb.net/artwork/krabby.jpg,https://img.pokemondb.net/sprites/black-white/anim/normal/krabby.gif,Krabby,Water,325,30,105,90,25,25,50
099,https://img.pokemondb.net/sprites/omega-ruby-alpha-sapphire/dex/normal/kingler.png,https://img.pokemondb.net/artwork/kingler.jpg,https://img.pokemondb.net/sprites/black-white/anim/normal/kingler.gif,Kingler,Water,475,55,130,115,50,50,75
100,https://img.pokemondb.net/sprites/omega-ruby-alpha-sapphire/dex/normal/voltorb.png,https://img.pokemondb.net/artwork/voltorb.jpg,https://img.pokemondb.net/sprites/black-white/anim/normal/voltorb.gif,Voltorb,Electric,330,40,30,50,55,55,100
101,https://img.pokemondb.net/sprites/omega-ruby-alpha-sapphire/dex/normal/electrode.png,https://img.pokemondb.net/artwork/electrode.jpg,https://img.pokemondb.net/sprites/black-white/anim/normal/electrode.gif,Electrode,Electric,490,60,50,70,80,80,150
102,https://img.pokemondb.net/sprites/omega-ruby-alpha-sapphire/dex/normal/exeggcute.png,https://img.pokemondb.net/artwork/exeggcute.jpg,https://img.pokemondb.net/sprites/black-white/anim/normal/exeggcute.gif,Exeggcute,Grass,325,60,40,80,60,45,40
103,https://img.pokemondb.net/sprites/omega-ruby-alpha-sapphire/dex/normal/exeggutor.png,https://img.pokemondb.net/artwork/exeggutor.jpg,https://img.pokemondb.net/sprites/black-white/anim/normal/exeggutor.gif,Exeggutor,Grass,530,95,105,85,125,75,45
103,https://img.pokemondb.net/sprites/omega-ruby-alpha-sapphire/dex/normal/exeggutor.png,https://img.pokemondb.net/artwork/exeggutor.jpg,https://img.pokemondb.net/sprites/black-white/anim/normal/exeggutor.gif,Exeggutor,Grass,530,95,95,85,125,75,55
104,https://img.pokemondb.net/sprites/omega-ruby-alpha-sapphire/dex/normal/cubone.png,https://img.pokemondb.net/artwork/cubone.jpg,https://img.pokemondb.net/sprites/black-white/anim/normal/cubone.gif,Cubone,Ground,320,50,50,95,40,50,35
105,https://img.pokemondb.net/sprites/omega-ruby-alpha-sapphire/dex/normal/marowak.png,https://img.pokemondb.net/artwork/marowak.jpg,https://img.pokemondb.net/sprites/black-white/anim/normal/marowak.gif,Marowak,Ground,425,60,80,110,50,80,45
105,https://img.pokemondb.net/sprites/omega-ruby-alpha-sapphire/dex/normal/marowak.png,https://img.pokemondb.net/artwork/marowak.jpg,https://img.pokemondb.net/sprites/black-white/anim/normal/marowak.gif,Marowak,Fire,425,60,80,110,50,80,45
106,https://img.pokemondb.net/sprites/omega-ruby-alpha-sapphire/dex/normal/hitmonlee.png,https://img.pokemondb.net/artwork/hitmonlee.jpg,https://img.pokemondb.net/sprites/black-white/anim/normal/hitmonlee.gif,Hitmonlee,Fighting,455,50,120,53,35,110,87
107,https://img.pokemondb.net/sprites/omega-ruby-alpha-sapphire/dex/normal/hitmonchan.png,https://img.pokemondb.net/artwork/hitmonchan.jpg,https://img.pokemondb.net/sprites/black-white/anim/normal/hitmonchan.gif,Hitmonchan,Fighting,455,50,105,79,35,110,76
108,https://img.pokemondb.net/sprites/omega-ruby-alpha-sapphire/dex/normal/lickitung.png,https://img.pokemondb.net/artwork/lickitung.jpg,https://img.pokemondb.net/sprites/black-white/anim/normal/lickitung.gif,Lickitung,Normal,385,90,55,75,60,75,30
109,https://img.pokemondb.net/sprites/omega-ruby-alpha-sapphire/dex/normal/koffing.png,https://img.pokemondb.net/artwork/koffing.jpg,https://img.pokemondb.net/sprites/black-white/anim/normal/koffing.gif,Koffing,Poison,340,40,65,95,60,45,35
110,https://img.pokemondb.net/sprites/omega-ruby-alpha-sapphire/dex/normal/weezing.png,https://img.pokemondb.net/artwork/weezing.jpg,https://img.pokemondb.net/sprites/black-white/anim/normal/weezing.gif,Weezing,Poison,490,65,90,120,85,70,60
111,https://img.pokemondb.net/sprites/omega-ruby-alpha-sapphire/dex/normal/rhyhorn.png,https://img.pokemondb.net/artwork/rhyhorn.jpg,https://img.pokemondb.net/sprites/black-white/anim/normal/rhyhorn.gif,Rhyhorn,Ground,345,80,85,95,30,30,25
112,https://img.pokemondb.net/sprites/omega-ruby-alpha-sapphire/dex/normal/rhydon.png,https://img.pokemondb.net/artwork/rhydon.jpg,https://img.pokemondb.net/sprites/black-white/anim/normal/rhydon.gif,Rhydon,Ground,485,105,130,120,45,45,40
113,https://img.pokemondb.net/sprites/omega-ruby-alpha-sapphire/dex/normal/chansey.png,https://img.pokemondb.net/artwork/chansey.jpg,https://img.pokemondb.net/sprites/black-white/anim/normal/chansey.gif,Chansey,Normal,450,250,5,5,35,105,50
114,https://img.pokemondb.net/sprites/omega-ruby-alpha-sapphire/dex/normal/tangela.png,https://img.pokemondb.net/artwork/tangela.jpg,https://img.pokemondb.net/sprites/black-white/anim/normal/tangela.gif,Tangela,Grass,435,65,55,115,100,40,60
115,https://img.pokemondb.net/sprites/omega-ruby-alpha-sapphire/dex/normal/kangaskhan.png,https://img.pokemondb.net/artwork/kangaskhan.jpg,https://img.pokemondb.net/sprites/black-white/anim/normal/kangaskhan.gif,Kangaskhan,Normal,590,105,125,100,60,100,100
115,https://img.pokemondb.net/sprites/omega-ruby-alpha-sapphire/dex/normal/kangaskhan.png,https://img.pokemondb.net/artwork/kangaskhan.jpg,https://img.pokemondb.net/sprites/black-white/anim/normal/kangaskhan.gif,Kangaskhan,Normal,490,105,95,80,40,80,90
116,https://img.pokemondb.net/sprites/omega-ruby-alpha-sapphire/dex/normal/horsea.png,https://img.pokemondb.net/artwork/horsea.jpg,https://img.pokemondb.net/sprites/black-white/anim/normal/horsea.gif,Horsea,Water,295,30,40,70,70,25,60
117,https://img.pokemondb.net/sprites/omega-ruby-alpha-sapphire/dex/normal/seadra.png,https://img.pokemondb.net/artwork/seadra.jpg,https://img.pokemondb.net/sprites/black-white/anim/normal/seadra.gif,Seadra,Water,440,55,65,95,95,45,85
118,https://img.pokemondb.net/sprites/omega-ruby-alpha-sapphire/dex/normal/goldeen.png,https://img.pokemondb.net/artwork/goldeen.jpg,https://img.pokemondb.net/sprites/black-white/anim/normal/goldeen.gif,Goldeen,Water,320,45,67,60,35,50,63
119,https://img.pokemondb.net/sprites/omega-ruby-alpha-sapphire/dex/normal/seaking.png,https://img.pokemondb.net/artwork/seaking.jpg,https://img.pokemondb.net/sprites/black-white/anim/normal/seaking.gif,Seaking,Water,450,80,92,65,65,80,68
120,https://img.pokemondb.net/sprites/omega-ruby-alpha-sapphire/dex/normal/staryu.png,https://img.pokemondb.net/artwork/staryu.jpg,https://img.pokemondb.net/sprites/black-white/anim/normal/staryu.gif,Staryu,Water,340,30,45,55,70,55,85
121,https://img.pokemondb.net/sprites/omega-ruby-alpha-sapphire/dex/normal/starmie.png,https://img.pokemondb.net/artwork/starmie.jpg,https://img.pokemondb.net/sprites/black-white/anim/normal/starmie.gif,Starmie,Water,520,60,75,85,100,85,115
122,https://img.pokemondb.net/sprites/omega-ruby-alpha-sapphire/dex/normal/mr.-mime.png,https://img.pokemondb.net/artwork/mr.-mime.jpg,https://img.pokemondb.net/sprites/black-white/anim/normal/mr.-mime.gif,Mr. Mime,Psychic,460,40,45,65,100,120,90
123,https://img.pokemondb.net/sprites/omega-ruby-alpha-sapphire/dex/normal/scyther.png,https://img.pokemondb.net/artwork/scyther.jpg,https://img.pokemondb.net/sprites/black-white/anim/normal/scyther.gif,Scyther,Bug,500,70,110,80,55,80,105
124,https://img.pokemondb.net/sprites/omega-ruby-alpha-sapphire/dex/normal/jynx.png,https://img.pokemondb.net/artwork/jynx.jpg,https://img.pokemondb.net/sprites/black-white/anim/normal/jynx.gif,Jynx,Ice,455,65,50,35,115,95,95
125,https://img.pokemondb.net/sprites/omega-ruby-alpha-sapphire/dex/normal/electabuzz.png,https://img.pokemondb.net/artwork/electabuzz.jpg,https://img.pokemondb.net/sprites/black-white/anim/normal/electabuzz.gif,Electabuzz,Electric,490,65,83,57,95,85,105
126,https://img.pokemondb.net/sprites/omega-ruby-alpha-sapphire/dex/normal/magmar.png,https://img.pokemondb.net/artwork/magmar.jpg,https://img.pokemondb.net/sprites/black-white/anim/normal/magmar.gif,Magmar,Fire,495,65,95,57,100,85,93
127,https://img.pokemondb.net/sprites/omega-ruby-alpha-sapphire/dex/normal/pinsir.png,https://img.pokemondb.net/artwork/pinsir.jpg,https://img.pokemondb.net/sprites/black-white/anim/normal/pinsir.gif,Pinsir,Bug,500,65,125,100,55,70,85
127,https://img.pokemondb.net/sprites/omega-ruby-alpha-sapphire/dex/normal/pinsir.png,https://img.pokemondb.net/artwork/pinsir.jpg,https://img.pokemondb.net/sprites/black-white/anim/normal/pinsir.gif,Pinsir,Bug,600,65,155,120,65,90,105
128,https://img.pokemondb.net/sprites/omega-ruby-alpha-sapphire/dex/normal/tauros.png,https://img.pokemondb.net/artwork/tauros.jpg,https://img.pokemondb.net/sprites/black-white/anim/normal/tauros.gif,Tauros,Normal,490,75,100,95,40,70,110
129,https://img.pokemondb.net/sprites/omega-ruby-alpha-sapphire/dex/normal/magikarp.png,https://img.pokemondb.net/artwork/magikarp.jpg,https://img.pokemondb.net/sprites/black-white/anim/normal/magikarp.gif,Magikarp,Water,200,20,10,55,15,20,80
130,https://img.pokemondb.net/sprites/omega-ruby-alpha-sapphire/dex/normal/gyarados.png,https://img.pokemondb.net/artwork/gyarados.jpg,https://img.pokemondb.net/sprites/black-white/anim/normal/gyarados.gif,Gyarados,Water,540,95,125,79,60,100,81
130,https://img.pokemondb.net/sprites/omega-ruby-alpha-sapphire/dex/normal/gyarados.png,https://img.pokemondb.net/artwork/gyarados.jpg,https://img.pokemondb.net/sprites/black-white/anim/normal/gyarados.gif,Gyarados,Water,640,95,155,109,70,130,81
131,https://img.pokemondb.net/sprites/omega-ruby-alpha-sapphire/dex/normal/lapras.png,https://img.pokemondb.net/artwork/lapras.jpg,https://img.pokemondb.net/sprites/black-white/anim/normal/lapras.gif,Lapras,Water,535,130,85,80,85,95,60
132,https://img.pokemondb.net/sprites/omega-ruby-alpha-sapphire/dex/normal/ditto.png,https://img.pokemondb.net/artwork/ditto.jpg,https://img.pokemondb.net/sprites/black-white/anim/normal/ditto.gif,Ditto,Normal,288,48,48,48,48,48,48
133,https://img.pokemondb.net/sprites/omega-ruby-alpha-sapphire/dex/normal/eevee.png,https://img.pokemondb.net/artwork/eevee.jpg,https://img.pokemondb.net/sprites/black-white/anim/normal/eevee.gif,Eevee,Normal,325,55,55,50,45,65,55
134,https://img.pokemondb.net/sprites/omega-ruby-alpha-sapphire/dex/normal/vaporeon.png,https://img.pokemondb.net/artwork/vaporeon.jpg,https://img.pokemondb.net/sprites/black-white/anim/normal/vaporeon.gif,Vaporeon,Water,525,130,65,60,110,95,65
135,https://img.pokemondb.net/sprites/omega-ruby-alpha-sapphire/dex/normal/jolteon.png,https://img.pokemondb.net/artwork/jolteon.jpg,https://img.pokemondb.net/sprites/black-white/anim/normal/jolteon.gif,Jolteon,Electric,525,65,65,60,110,95,130
136,https://img.pokemondb.net/sprites/omega-ruby-alpha-sapphire/dex/normal/flareon.png,https://img.pokemondb.net/artwork/flareon.jpg,https://img.pokemondb.net/sprites/black-white/anim/normal/flareon.gif,Flareon,Fire,525,65,130,60,95,110,65
137,https://img.pokemondb.net/sprites/omega-ruby-alpha-sapphire/dex/normal/porygon.png,https://img.pokemondb.net/artwork/porygon.jpg,https://img.pokemondb.net/sprites/black-white/anim/normal/porygon.gif,Porygon,Normal,395,65,60,70,85,75,40
138,https://img.pokemondb.net/sprites/omega-ruby-alpha-sapphire/dex/normal/omanyte.png,https://img.pokemondb.net/artwork/omanyte.jpg,https://img.pokemondb.net/sprites/black-white/anim/normal/omanyte.gif,Omanyte,Rock,355,35,40,100,90,55,35
139,https://img.pokemondb.net/sprites/omega-ruby-alpha-sapphire/dex/normal/omastar.png,https://img.pokemondb.net/artwork/omastar.jpg,https://img.pokemondb.net/sprites/black-white/anim/normal/omastar.gif,Omastar,Rock,495,70,60,125,115,70,55
140,https://img.pokemondb.net/sprites/omega-ruby-alpha-sapphire/dex/normal/kabuto.png,https://img.pokemondb.net/artwork/kabuto.jpg,https://img.pokemondb.net/sprites/black-white/anim/normal/kabuto.gif,Kabuto,Rock,355,30,80,90,55,45,55
141,https://img.pokemondb.net/sprites/omega-ruby-alpha-sapphire/dex/normal/kabutops.png,https://img.pokemondb.net/artwork/kabutops.jpg,https://img.pokemondb.net/sprites/black-white/anim/normal/kabutops.gif,Kabutops,Rock,495,60,115,105,65,70,80
142,https://img.pokemondb.net/sprites/omega-ruby-alpha-sapphire/dex/normal/aerodactyl.png,https://img.pokemondb.net/artwork/aerodactyl.jpg,https://img.pokemondb.net/sprites/black-white/anim/normal/aerodactyl.gif,Aerodactyl,Rock,515,80,105,65,60,75,130
142,https://img.pokemondb.net/sprites/omega-ruby-alpha-sapphire/dex/normal/aerodactyl.png,https://img.pokemondb.net/artwork/aerodactyl.jpg,https://img.pokemondb.net/sprites/black-white/anim/normal/aerodactyl.gif,Aerodactyl,Rock,615,80,135,85,70,95,150
143,https://img.pokemondb.net/sprites/omega-ruby-alpha-sapphire/dex/normal/snorlax.png,https://img.pokemondb.net/artwork/snorlax.jpg,https://img.pokemondb.net/sprites/black-white/anim/normal/snorlax.gif,Snorlax,Normal,540,160,110,65,65,110,30
144,https://img.pokemondb.net/sprites/omega-ruby-alpha-sapphire/dex/normal/articuno.png,https://img.pokemondb.net/artwork/articuno.jpg,https://img.pokemondb.net/sprites/black-white/anim/normal/articuno.gif,Articuno,Ice,580,90,85,100,95,125,85
145,https://img.pokemondb.net/sprites/omega-ruby-alpha-sapphire/dex/normal/zapdos.png,https://img.pokemondb.net/artwork/zapdos.jpg,https://img.pokemondb.net/sprites/black-white/anim/normal/zapdos.gif,Zapdos,Electric,580,90,90,85,125,90,100
146,https://img.pokemondb.net/sprites/omega-ruby-alpha-sapphire/dex/normal/moltres.png,https://img.pokemondb.net/artwork/moltres.jpg,https://img.pokemondb.net/sprites/black-white/anim/normal/moltres.gif,Moltres,Fire,580,90,100,90,125,85,90
147,https://img.pokemondb.net/sprites/omega-ruby-alpha-sapphire/dex/normal/dratini.png,https://img.pokemondb.net/artwork/dratini.jpg,https://img.pokemondb.net/sprites/black-white/anim/normal/dratini.gif,Dratini,Dragon,300,41,64,45,50,50,50
148,https://img.pokemondb.net/sprites/omega-ruby-alpha-sapphire/dex/normal/dragonair.png,https://img.pokemondb.net/artwork/dragonair.jpg,https://img.pokemondb.net/sprites/black-white/anim/normal/dragonair.gif,Dragonair,Dragon,420,61,84,65,70,70,70
149,https://img.pokemondb.net/sprites/omega-ruby-alpha-sapphire/dex/normal/dragonite.png,https://img.pokemondb.net/artwork/dragonite.jpg,https://img.pokemondb.net/sprites/black-white/anim/normal/dragonite.gif,Dragonite,Dragon,600,91,134,95,100,100,80
150,https://img.pokemondb.net/sprites/omega-ruby-alpha-sapphire/dex/normal/mewtwo.png,https://img.pokemondb.net/artwork/mewtwo.jpg,https://img.pokemondb.net/sprites/black-white/anim/normal/mewtwo.gif,Mewtwo,Psychic,780,106,150,70,194,120,140
150,https://img.pokemondb.net/sprites/omega-ruby-alpha-sapphire/dex/normal/mewtwo.png,https://img.pokemondb.net/artwork/mewtwo.jpg,https://img.pokemondb.net/sprites/black-white/anim/normal/mewtwo.gif,Mewtwo,Psychic,780,106,190,100,154,100,130
150,https://img.pokemondb.net/sprites/omega-ruby-alpha-sapphire/dex/normal/mewtwo.png,https://img.pokemondb.net/artwork/mewtwo.jpg,https://img.pokemondb.net/sprites/black-white/anim/normal/mewtwo.gif,Mewtwo,Psychic,680,106,110,90,154,90,130
151,https://img.pokemondb.net/sprites/omega-ruby-alpha-sapphire/dex/normal/mew.png,https://img.pokemondb.net/artwork/mew.jpg,https://img.pokemondb.net/sprites/black-white/anim/normal/mew.gif,Mew,Psychic,600,100,100,100,100,100,100
